Not found: Ephesus, Asia Minor (Turkey)
Not found: Kuravilangad (India)
Not found: Neocaesarea (Asia Minor)
Not found: Myra, Lycia (Asia Minor)
Not found: Kuravilangad (India)
Not found: Island of St. Nicholas (Italy)
Not found: Caesarea (Asia Minor)
Not found: Agde, Hérault, diocese of Montpelier (France)
Not found: Gargano, Naples (Italy)
Not found: Sicea, Galatia (Turkey)
Not found: Hainault, Flanders
Not found: Clermont-Ferramd (France)
Not found: Maastricht (Germany)
Not found: Blacherne (Istanbul)
Not found: Sion Les Saintos (France)
Not found: Montefortino, Marche, Diocese of Ascoli Piceno (Italy)
Not found: Ivrea, Piemonte, Diocese of Turin (Italy)
Not found: Valverde, Sicily, diocese of Catania (Italy)
Not found: Sopetrau, Spain
Not found: Espain (France)
Not found: Fontgombault Abbey (France)
Not found: Saint-Crespin, Hainaut (Belgium)
Not found: Monte Virgine (Italy)
Not found: Crespano del Grappa, Borbiago (Italy)
Not found: Joreval, Yorkshire, (England)
Not found: Noiretal, diocese of Leon (France)
Not found: Schönau, Nassau
Not found: Cologne and Steinfeld (Germany)
Not found: Potschiaw (Ukraine)
Not found: Castiglion Fiorentino, Tuscany, Diocese of Arezzo (Italy)
Not found: Prouille, Toulouse (France)
Not found: Clairefontane (Luxembourg)
Not found: Padua (Venice)
Not found: Padua (Venice)
Not found: Hostýn (Moravia/Czech Republic)
Not found: Helft (GERMANY)
Not found: Roverano (ITALY)
Not found: Finstad, Uppsala Vadsteda (Sweden)
Not found: Fiesole and Florence (Italy)
Not found: Pochaiv, Ukraine (Russia)
Not found: Montenero-Leghorn (Levora), Italy
Not found: Siena / Bibbiena (Italy)
Not found: Basella, Lombardy, Diocese of Bergamo (Italy)
Not found: Dovera, Cremona, Lombardy, Italy Ostigilia (Italy)
Not found: Pribram (Czechoslovakia)
Not found: Deir Al-Maghti / Al-Magtas (Lower Egypt)
Not found: Airola. Liguria, Diocese of La Spezio, SESTA GODANO (Italy)
Not found: Albano Sant'Allessandro, Lombardy, diocese of Bergamo (Italy)
Not found: Castel di Godego (Italy)
Not found: MONTEORTONE (Italy)
Not found: Penafrancia (Spain)
Not found: Desenzano al Serio, Lombardy, diocese of Bergamo (Italy)
Not found: MARIA FALLSBACH (AUSTRIA)
Not found: Anderlecht (Brabant, Belgium, diocese of Malines-Bruxelles)
Not found: MATRAVEREBÉLY-SZENTKIST (HUNGARY)
Not found: Badia di Cava (Italy)
Not found: Lignières, Berry, France
Not found: Our Lady of Light (Liébana, Spain)
Not found: Raccogni (Italy)
Not found: Balze di Vergereto (Italy)
Not found: ALEXOS, CASTILE (SPAIN)
Not found: AZAGNA (SPAIN)
Not found: Dolní Dvonste, Cesky Krumlov, South Bohemia, Czech Republic
Not found: Wethenstein (Switzerland)
Not found: Chiogga (Italy)
Not found: Villefranche-de-Rouergue, Aveyron, Midi-Pyrénées, (France)
Not found: Motto di Livenza (Italy)
Not found: STRUGNANO (Italy)
Not found: Liveri di Nola (Italy)
Not found: Wethenstein (Switzerland)
Not found: Camogli (Liguria, diocese of Genoa, Italy)
Not found: Catignac, Mont Vardaille (France)
Not found: Altkirch, Alazia (France)
Not found: Combarbio (Italy)
Not found: Gorizia, Fruili (Italy)
Not found: Wethenstein (Switzerland)
Not found: Azay-on-Thouet (France)
Not found: Guilianova (Italy)
Not found: Rapallo (Italy) - OR - MONTALLEGRO (SICILY)
Not found: Monomotapa (Rhodes)
Not found: Faenza (MARCHE)
Not found: Máriagyüd (HUNGARY)
Not found: CASALPUSTER- LENGO (Italy)
Not found: Nursia (ITALY)
Not found: VISORA DI CONFLENTI (Italy)
Not found: ZIRONI (SPAIN)
Not found: Ziteli (Switzerland)
Not found: PUMENGO (Italy)
Not found: Médous, Bagnères-de-Bigorre
Not found: COSTA DI FOLGARIA (Italy)
Not found: BRAC (PORTUGAL)
Not found: Tabacué, Corrientes, (Argentina)
Not found: MONTE BONICCA (Italy)
Not found: MARIAHILF, Passali, (GERMANY)
Not found: San Severino (Italiy)
Not found: Aleth (Francia)
Not found: BORGO SANTA CATERINA (LOMBARDIA)
Not found: Helligwasser, INNSBRUCK (Austria - Germany)
Not found: Manaoag, Pangasinan (Phillipines)
Not found: Bingsacan, Taal (Phillipines)
Not found: Caysasay, Taal (Phillipines)
Not found: Alessandria della Rocac, Sicily (Italy)
Not found: Auray (England)
Not found: Maria Bildstein (AUSTRIA)
Not found: Gandos di Galleno (Italy, Lombardy, Diocese of Brescia)
Not found: Cavite City, Cavite (Phllipines)
Not found: PRAGUE (CZECHOSLOVAKIA)
Not found: Montagnolo-Pinnochio (Italy)
Not found: PALIZI (RUSSIA)
Not found: "Our Lady of the Annunciation" Jesuit Reduction (Uruguay)
Not found: Plounévez-Quentin (France)
Not found: La Prénessaye, Querrien, Bretania, diocese of Saint-Brieuc (France)
Not found: Pieve di Rosa, San Vito al Tagliamento (Italy)
Not found: MARY TAX (AUSTRIA)
Not found: Mercatello sul Matauro
Not found: San Vito di Casalbuttano (Italy)
Not found: Janots, Paray-Le-Monial / Lauthecour (France)
Not found: Agnie, Québec (Canada)
Not found: SAINT-Carr (FRANCE)
Not found: Cavite City (Phillipines)
Not found: THE GIAUDET-LANRIVAIN (BELGIUM)
Not found: Ellwangen, WÚTTENBERG (GERMANY)
Not found: SLJMEG (HUNGARY)
Not found: S.SEVERINO LUCANO (Italy)
Not found: FORET DE LA MADELEINE (FRANCE)
Not found: Ovada, Castellazzo, Italy
Not found: SLOWCZK (RUSSIA)
Not found: PETERWARDEIN (SLOVAKIA)
Not found: Persquen (Morbihan, Diocese of Vannes)
Not found: BOIS-DE-LA ROCHE-EN Neant (FRANCE)
Not found: POTSCHAIW (UKRAINE)
Not found: Guaitara Canyon (Colombia)
Not found: MARIABESUYÚ (HUNGARY)
Not found: Bocca Pignone di Ripalta (Italy)
Not found: DOROSZLO (HUNGARY)
Not found: Matemblewo (Poland)
Not found: LaVang (Vietnam)
Not found: Leipzig / Lichen (Poland)
Not found: Bous-Septfontaines-CLAIRE FONTAINES (FRANCE)
Not found: Valmala (Italy, Piemonte, diocese of Cuneo)
Not found: Blangy-Versailles (France)
Not found: MARIA DOLINA, Poggersdorf / Kamten (Austria)
Not found: Saint John of Acre / Akko (Israel)
Not found: Savongo (Italy)
Not found: Cerreto, Tuscany (Italy) (Tuscany, Diocese of Pitigliano)
Not found: PORZUS DEGLI SLAVI (Italy)
Not found: BuuChau, QuangNam (Vietnam)
Not found: Orere, Liguria (Italy)
Not found: Abellin (PALESTINE)
Not found: Andlau (FRANCE, Alsace, Basso Reno, diocese of Strausberg)
Not found: San Luca di Montafalco / Spoleto (Italy)
Not found: PETIGNY (FRANCE)
Not found: ILAC (CROATIA)
Not found: Potay-Loigny (France)
Not found: Innsbruck , Locherboden (Austria)
Not found: Lausanne, CHAPPELES (Switzerland)
Not found: Blaine / La Fraudais (France)
Not found: Bilding-St. Avola (France)
Not found: Saint Bauzille DE LA SYLVIE, Montpellier (France)
Not found: Saint Bauzille DE LA SYLVIE, Montpellier (France)
Not found: Bonsecours, Hainaut (Belgium) / Enghien (Belgium)
Not found: Villareggio, PIEDMONT (Italy)
Not found: Holywell, Gainsborough (England)
Not found: Gharb (Gozo) (Sister island of Malta)
Not found: Lyon and Diemoz (France)
Not found: St. Columbin (France)
Not found: VALLENSANGES (FRANCE)
Not found: Szezyk-Bita (Poland)
Not found: Vellangany (India)
Not found: Campitello, Corsica (Italy)
Not found: Loublande, Vendée (France)
Not found: Grey (France); Violet (France); Pailly (France)
Not found: Tourtes (France)
Not found: Brussels (Belgium) and Enghien (Belgium)
Not found: Battle of la Marne (France)
Not found: Chateau-Gombert (France); Florival (Papua)
Not found: Muzillac, Bretagna, Morbihan, Diocesi of Vannes (France)
Not found: Monte DÁgua de Pau, Portugal
Not found: Rome (Italy) / Portiers (France)
Not found: Vistula River, Warsaw (Poland)
Not found: Zolnok (Hungary)
Not found: Cenusco sul Naviglio (Italy)
Not found: Stenbergen (Holland)
Not found: Houlteau-Chaineux (Belgium)
Not found: Crollon, near Mont-St-Michel (France)
Not found: Chaineuz, Belgium
Not found: Melin-Micheroux (Belgium)
Not found: La Vang, Annam (Vietnam)
Not found: Itri, Valmontana (Italy)
Not found: San Vincenzo Valle di Rovereto (Italy, Diocese of Sora-Aquino-Pontecorvo)
Not found: Kerizinen, Brittany (France)
Not found: Wigratzbad (Germany)
Not found: Bauxieres (France)
Not found: Kerrytown (Ireland)
Not found: Kecskemet (Budapest), Hungary
Not found: Bodonnou (France)
Not found: Alto de Umbe/Unbe Gaina, Lauquiniz , Vizcaya (Spain)
Not found: Warsaw, Siekierki district, (Poland)
Not found: Balasar (Portugal)
Not found: Zagreb (Yugoslavia)
Not found: Niderhbach (Germany)
Not found: Ardhee, County Tyrone (Ireland)
Not found: Marienfried (Germany)
Not found: Pasman, Dalmatia
Not found: Tyromestice (Slovakia)
Not found: St. Emmerich-Berg (Hungary)
Not found: Forsweiler Tannhausen (Germany)
Not found: Urucaina (Brazil)
Not found: Pleskop near Vannes (France)
Not found: Grottamore (Italy)
Not found: Ille Napoleon (France)
Not found: Monaco von Bayern (Germany)
Not found: Gimigliano di Venarotta (Calabria)
Not found: MARTA DI BOLSENA near Viterbo (Italy)
Not found: St. Jeanaux Bois (France)
Not found: Tor-Pignattiaira (Italy)
Not found: Maria Bolsena (Italy)
Not found: Zischowicz (Czechoslovakia)
Not found: Zo-Se (China)
Not found: Necedah, WI (U.S.A.)
Not found: Saint-Eugène de Gamby (Canada)
Not found: Guarciano (Italy)
Not found: Belmuttet (Ireland)
Not found: Bienvenuda-Usagre (Spain)
Not found: Vienna (Autria)
Not found: Amarossi (Italy)
Not found: Casalicontrada (Italy)
Not found: Cossirano (Italy)
Not found: San Saba di Sparta (Italy)
Not found: Frignano Maggiore (Italy)
Not found: Calabro di Mileto (Italy)
Not found: Dubovytsya (Ukraine)
Not found: Cossirano (Italy)
Not found: Astuna (Italy)
Not found: Liceta (Italy)
Not found: Casa Cicchio (Italy)
Not found: Colombera di Avenza (Italy)
Not found: Jerusalem (Isabel)
Not found: Windy Gap (N. Ireland)
Not found: Eisenberg AD Raab (Austria)
Not found: Englecourt (France)
Not found: Zarvanytsia, Berezhany, Ternopil, Ukraine
Not found: Gasp (Canada)
Not found: Turczovka (Slovakia)
Not found: Turzovka (Czechoslovakia)
Not found: MALÈ, Trent (ITALY)
Not found: Balestrino (France)
Not found: Acqua Voltri (Italy)
Not found: Ladeira do Pinheiro (Portugal)
Not found: Skiemonys, Janonis, (Lithuania)
Not found: Zarvanytsia, Berezhany, Ternopil, Ukraine
Not found: Turczovka (Slovakia)
Not found: Aleppo (Syroa)
Not found: Porto-San-Stefano (Italy)
Not found: Cabra Islet (Philippines)
Not found: Ventebbio (Italy)
Not found: Nativitade (Brazil)
Not found: Bohan-Mortsel (Belgium)
Not found: Milan and Florence (Italy)
Not found: St-Bruno-de-Chambly (Canada)
Not found: Anse-aux-Gascons (Canada)
Not found: Wollongong (Australia) / Nowra (Australia)
Not found: Mouseitbe (Lebanon)
Not found: Pendiamo (Columbia)
Not found: Luke Saint John (Canada)
Not found: Dozul (France)
Not found: Notre Dame du Lac, Togoville, (Togo)
Not found: Imo State (Nicaragua)
Not found: Tongerloo-Opitter (Belgium)
Not found: El Mimbral (Spain)
Not found: Poruaran (Mexico)
Not found: Olmes / Nitape (Peru)
Not found: Vilalfranche-sur-Saone (France)
Not found: Mortzel (Belgium)
Not found: Manchiet-el-tahrir
Not found: Picots (Poland)
Not found: Binh Loi / Trieu (Vietnam)
Not found: Krakow (Poland) / Piotrowizca (Poland)
Not found: Bislig, Surigao del Sur (Phillipines)
Not found: Rostov (U.S.S.R.)
Not found: Kharkov (U.S.S.R.)
Not found: Leningrad (U.S.S.R.)
Not found: Lamezia Terne (Italy)
Not found: Palestine (Beirut)
Not found: Wu Fung Chi (Taiwan)
Not found: ACROPOLI (Italy, Diocese of Salerno)
Not found: Medjugorje (Bosnia-Herzegovinia)
Not found: Izbicno (Bosnia-Herzegovinia)
Not found: Beit Sahour, Bethlehem, Palestine (Israel)
Not found: Gargallo di Carpi, Piemonte (Italy)
Not found: Lutzenkirchen, Presso Leverkusen (Germany)
Not found: Kernéguez (France)
Not found: Vadiakkado (India)
Not found: Oliveta Citra (Italy)
Not found: Scarpape (Italy)
Not found: MONTEFANERA, Pederroba, Treviso (Italy)
Not found: Wilhemsburg (Austria)
Not found: Tarnopol adn Pididissia (Russia)
Not found: Giubiasco (Italy)
Not found: Gruschew, Hrushiv, Leopoldi (Ukraine)
Not found: Bilychi (Russia)
Not found: Zarvanystya (Ukraine)
Not found: Inchigella (Ireland)
Not found: Granstown (Ireland)
Not found: El Ranchilo, TX USA
Not found: Hoshiw (Ukraine)
Not found: Cortnadreha (Ireland)
Not found: El Cajas / Cuenca (Ecuador)
Not found: Syria / Cleveland, OH (USA)
Not found: Yardville/Marlboro, NJ (USA)
Not found: Grosby (U.S.A.)
Not found: Scottsdale, AZ and Springs Colorado, CO, (USA)
Not found: Masinde, Kayanza (Burundi)
Not found: Ljubljana (Laibach), Kuresçek (Slovenia)
Not found: Chotyne (Poland)
Not found: Zarvanystya (Ukraine)
Not found: Zarvanystya (Ukraine)
Not found: Porto S. Elpidio, Sicily
Not found: Costa Rica (later Argentina)
Not found: MAMMALEDI, Syracuse (ITALY)
Not found: Hillside, IL (U.S.A.)
Not found: Anosivolakely, Antanarivo (Madagascar)
Not found: Mozul (Iraq)
Not found: Quezon City (Phillipines)
Not found: Uggio (Italy)
Not found: Pangasinan (Phillipines)
Not found: Quezon City (Phillipines)
Not found: Bretagen, France
Not found: Aokpe (Nigeria)
Not found: MARINA Giampilieri (Italy)
Not found: Zaro, Ischia (Italy)
Not found: Arc-Wattripont, Wallonia, (Belgium)
Not found: Arc-Watripont (Belgium)
Not found: Derlan, NJ (USA)
Not found: Ottowa (Canada )
Not found: Conchabamba (Bolivia)
Not found: Anna Rosa (Italy)
Not found: Manu Ariki Mara (New Zealand)
Not found: Hourna, Louisiana (USA)
Not found: Londrina, Parana State, Brasil
Not found: Kanchikode (India)
Not found: Sara Piqui (Costa Rica)
Not found: MARTINCAMP (FRANCE)
Not found: Cavarese (Italy)
Not found: El Dorado, TX (U.S.A.)
Not found: Saskatoon, Saskatchewan (CAN)
Not found: Quebec, Canda
Not found: Nizhnee Bolotnoe, Irshava, Zakarpattia, Ukraine
Not found: Manila (Phillipines)
Not found: Burundi, Masinde - Kayanza (Uganda)
Not found: Rye, Centeno (Argentina)
Not found: Edavanakkad, Kerala (India)
